Type,SKU,Name,Published,Regular price,Sale price,Categories,Images,Short description,Parent,Attribute 1 name,Attribute 1 value(s),Attribute 1 visible,Attribute 1 global
variable,SP-001,Mèo Bông Hoàng Thượng,1,,,Thú bông > Mèo bông,http://localhost/teddy-shop/wp-content/uploads/2026/05/meo_hoangthuong.jpg,"Mèo Bông Hoàng Thượng thiết kế tinh xảo, cao cấp. Kích thước: 25cm (nhỏ gọn). Tiện lợi mang theo khi đi chơi, đi du lịch hoặc trang trí bàn học, góc làm việc. Món quà ý nghĩa cho bạn bè.",,Kích thước,25cm,1,1
variation,SP-001-1,Mèo Bông Hoàng Thượng - 25cm,1,380000,323000,,http://localhost/teddy-shop/wp-content/uploads/2026/05/meo_hoangthuong.jpg,,SP-001,Kích thước,25cm,,1
variable,SP-002,Mèo Bông Ami Fat Cat,1,,,Thú bông > Mèo bông,http://localhost/teddy-shop/wp-content/uploads/2026/05/meo_ami.jpg,"Mèo Bông Ami Fat Cat thiết kế tinh xảo, cao cấp. Kích thước: 20cm, 45cm, 80cm. Đa dạng kích cỡ để lựa chọn. Chất liệu thân thiện với môi trường, thiết kế độc đáo và cực kỳ dễ thương.",,Kích thước,"20cm, 45cm, 80cm",1,1
variation,SP-002-1,Mèo Bông Ami Fat Cat - 20cm,1,740000,629000,,http://localhost/teddy-shop/wp-content/uploads/2026/05/meo_ami.jpg,,SP-002,Kích thước,20cm,,1
variation,SP-002-2,Mèo Bông Ami Fat Cat - 45cm,1,790000,671000,,http://localhost/teddy-shop/wp-content/uploads/2026/05/meo_ami.jpg,,SP-002,Kích thước,45cm,,1
variation,SP-002-3,Mèo Bông Ami Fat Cat - 80cm,1,840000,714000,,http://localhost/teddy-shop/wp-content/uploads/2026/05/meo_ami.jpg,,SP-002,Kích thước,80cm,,1
variable,SP-003,Mèo Lười Nằm Ngủ,1,,,Thú bông > Mèo bông,http://localhost/teddy-shop/wp-content/uploads/2026/05/meo_luoi.jpg,"Mèo Lười Nằm Ngủ thiết kế tinh xảo, cao cấp. Kích thước: 55cm, 90cm. Bề mặt vải êm ái, nhồi bông gòn 100% trắng tinh khiết tạo độ đàn hồi cao, không bị xẹp lún trong quá trình sử dụng.",,Kích thước,"55cm, 90cm",1,1
variation,SP-003-1,Mèo Lười Nằm Ngủ - 55cm,1,700000,595000,,http://localhost/teddy-shop/wp-content/uploads/2026/05/meo_luoi.jpg,,SP-003,Kích thước,55cm,,1
variation,SP-003-2,Mèo Lười Nằm Ngủ - 90cm,1,750000,637000,,http://localhost/teddy-shop/wp-content/uploads/2026/05/meo_luoi.jpg,,SP-003,Kích thước,90cm,,1
variable,SP-004,Mèo Ôm Cá Đáng Yêu,1,,,Thú bông > Mèo bông,http://localhost/teddy-shop/wp-content/uploads/2026/05/meo_omca.jpeg,"Mèo Ôm Cá Đáng Yêu thiết kế tinh xảo, cao cấp. Kích thước: 40cm, 60cm. Lông xù mềm mại, không rụng lông. Sản phẩm được gia công tỉ mỉ với đường may chắc chắn. Kích thước vừa vặn cho bé ôm.",,Kích thước,"40cm, 60cm",1,1
variation,SP-004-1,Mèo Ôm Cá Đáng Yêu - 40cm,1,670000,569000,,http://localhost/teddy-shop/wp-content/uploads/2026/05/meo_omca.jpeg,,SP-004,Kích thước,40cm,,1
variation,SP-004-2,Mèo Ôm Cá Đáng Yêu - 60cm,1,720000,612000,,http://localhost/teddy-shop/wp-content/uploads/2026/05/meo_omca.jpeg,,SP-004,Kích thước,60cm,,1
variable,SP-005,Mèo Béo Mềm Mịn,1,,,Thú bông > Mèo bông,http://localhost/teddy-shop/wp-content/uploads/2026/05/meo_beo.jpg,"Mèo Béo Mềm Mịn thiết kế tinh xảo, cao cấp. Kích thước: 25cm (nhỏ gọn). Tiện lợi mang theo khi đi chơi, đi du lịch hoặc trang trí bàn học, góc làm việc. Món quà ý nghĩa cho bạn bè.",,Kích thước,25cm,1,1
variation,SP-005-1,Mèo Béo Mềm Mịn - 25cm,1,620000,527000,,http://localhost/teddy-shop/wp-content/uploads/2026/05/meo_beo.jpg,,SP-005,Kích thước,25cm,,1
variable,SP-006,Mèo Bông Cosplay Khủng Long,1,,,Thú bông > Mèo bông,http://localhost/teddy-shop/wp-content/uploads/2026/05/meo_cosplay.jpg,"Mèo Bông Cosplay Khủng Long thiết kế tinh xảo, cao cấp. Kích thước: 25cm (nhỏ gọn). Tiện lợi mang theo khi đi chơi, đi du lịch hoặc trang trí bàn học, góc làm việc. Món quà ý nghĩa cho bạn bè.",,Kích thước,25cm,1,1
variation,SP-006-1,Mèo Bông Cosplay Khủng Long - 25cm,1,310000,263000,,http://localhost/teddy-shop/wp-content/uploads/2026/05/meo_cosplay.jpg,,SP-006,Kích thước,25cm,,1
variable,SP-007,Mèo Đội Mũ Trùm Đầu,1,,,Thú bông > Mèo bông,http://localhost/teddy-shop/wp-content/uploads/2026/05/meo_doimu.jpg,"Mèo Đội Mũ Trùm Đầu thiết kế tinh xảo, cao cấp. Kích thước: 20cm, 45cm, 80cm. Đa dạng kích cỡ để lựa chọn. Chất liệu thân thiện với môi trường, thiết kế độc đáo và cực kỳ dễ thương.",,Kích thước,"20cm, 45cm, 80cm",1,1
variation,SP-007-1,Mèo Đội Mũ Trùm Đầu - 20cm,1,250000,212000,,http://localhost/teddy-shop/wp-content/uploads/2026/05/meo_doimu.jpg,,SP-007,Kích thước,20cm,,1
variation,SP-007-2,Mèo Đội Mũ Trùm Đầu - 45cm,1,300000,255000,,http://localhost/teddy-shop/wp-content/uploads/2026/05/meo_doimu.jpg,,SP-007,Kích thước,45cm,,1
variation,SP-007-3,Mèo Đội Mũ Trùm Đầu - 80cm,1,350000,297000,,http://localhost/teddy-shop/wp-content/uploads/2026/05/meo_doimu.jpg,,SP-007,Kích thước,80cm,,1
variable,SP-008,Mèo Quýt Béo Ngậy,1,,,Thú bông > Mèo bông,http://localhost/teddy-shop/wp-content/uploads/2026/05/meo_quyt.jpg,"Mèo Quýt Béo Ngậy thiết kế tinh xảo, cao cấp. Kích thước: 40cm, 60cm. Lông xù mềm mại, không rụng lông. Sản phẩm được gia công tỉ mỉ với đường may chắc chắn. Kích thước vừa vặn cho bé ôm.",,Kích thước,"40cm, 60cm",1,1
variation,SP-008-1,Mèo Quýt Béo Ngậy - 40cm,1,450000,382000,,http://localhost/teddy-shop/wp-content/uploads/2026/05/meo_quyt.jpg,,SP-008,Kích thước,40cm,,1
variation,SP-008-2,Mèo Quýt Béo Ngậy - 60cm,1,500000,425000,,http://localhost/teddy-shop/wp-content/uploads/2026/05/meo_quyt.jpg,,SP-008,Kích thước,60cm,,1
variable,SP-009,Mèo Xiêm Cao Cấp,1,,,Thú bông > Mèo bông,http://localhost/teddy-shop/wp-content/uploads/2026/05/meo_xiem.jpg,"Mèo Xiêm Cao Cấp thiết kế tinh xảo, cao cấp. Kích thước: 20cm, 45cm, 80cm. Đa dạng kích cỡ để lựa chọn. Chất liệu thân thiện với môi trường, thiết kế độc đáo và cực kỳ dễ thương.",,Kích thước,"20cm, 45cm, 80cm",1,1
variation,SP-009-1,Mèo Xiêm Cao Cấp - 20cm,1,170000,144000,,http://localhost/teddy-shop/wp-content/uploads/2026/05/meo_xiem.jpg,,SP-009,Kích thước,20cm,,1
variation,SP-009-2,Mèo Xiêm Cao Cấp - 45cm,1,220000,187000,,http://localhost/teddy-shop/wp-content/uploads/2026/05/meo_xiem.jpg,,SP-009,Kích thước,45cm,,1
variation,SP-009-3,Mèo Xiêm Cao Cấp - 80cm,1,270000,229000,,http://localhost/teddy-shop/wp-content/uploads/2026/05/meo_xiem.jpg,,SP-009,Kích thước,80cm,,1
variable,SP-010,Mèo Nhồi Bông Đôi Mắt To,1,,,Thú bông > Mèo bông,http://localhost/teddy-shop/wp-content/uploads/2026/05/meo_matto.jpg,"Mèo Nhồi Bông Đôi Mắt To thiết kế tinh xảo, cao cấp. Kích thước: 30cm, 50cm. Chất liệu: Vải nhung co giãn 4 chiều mềm mịn, nhồi bông PP 3D tinh khiết an toàn cho da. Phù hợp làm quà tặng hoặc ôm ngủ.",,Kích thước,"30cm, 50cm",1,1
variation,SP-010-1,Mèo Nhồi Bông Đôi Mắt To - 30cm,1,780000,663000,,http://localhost/teddy-shop/wp-content/uploads/2026/05/meo_matto.jpg,,SP-010,Kích thước,30cm,,1
variation,SP-010-2,Mèo Nhồi Bông Đôi Mắt To - 50cm,1,830000,705000,,http://localhost/teddy-shop/wp-content/uploads/2026/05/meo_matto.jpg,,SP-010,Kích thước,50cm,,1
variable,SP-011,Thỏ Tai Dài Jellycat,1,,,Thú bông > Thỏ bông,http://localhost/teddy-shop/wp-content/uploads/2026/05/tho_jellycat.jpg,"Thỏ Tai Dài Jellycat thiết kế tinh xảo, cao cấp. Kích thước: 35cm, 55cm. Bề mặt vải êm ái, nhồi bông gòn 100% trắng tinh khiết tạo độ đàn hồi cao, không bị xẹp lún trong quá trình sử dụng.",,Kích thước,"35cm, 55cm",1,1
variation,SP-011-1,Thỏ Tai Dài Jellycat - 35cm,1,520000,442000,,http://localhost/teddy-shop/wp-content/uploads/2026/05/tho_jellycat.jpg,,SP-011,Kích thước,35cm,,1
variation,SP-011-2,Thỏ Tai Dài Jellycat - 55cm,1,570000,484000,,http://localhost/teddy-shop/wp-content/uploads/2026/05/tho_jellycat.jpg,,SP-011,Kích thước,55cm,,1
variable,SP-012,Thỏ Con Ôm Cà Rốt,1,,,Thú bông > Thỏ bông,http://localhost/teddy-shop/wp-content/uploads/2026/05/tho_omcarot.jpg,"Thỏ Con Ôm Cà Rốt thiết kế tinh xảo, cao cấp. Kích thước: 25cm (nhỏ gọn). Tiện lợi mang theo khi đi chơi, đi du lịch hoặc trang trí bàn học, góc làm việc. Món quà ý nghĩa cho bạn bè.",,Kích thước,25cm,1,1
variation,SP-012-1,Thỏ Con Ôm Cà Rốt - 25cm,1,580000,493000,,http://localhost/teddy-shop/wp-content/uploads/2026/05/tho_omcarot.jpg,,SP-012,Kích thước,25cm,,1
variable,SP-013,Thỏ Ngọc Trắng Muốt,1,,,Thú bông > Thỏ bông,http://localhost/teddy-shop/wp-content/uploads/2026/05/tho_ngoc.webp,"Thỏ Ngọc Trắng Muốt thiết kế tinh xảo, cao cấp. Kích thước: 30cm, 50cm. Chất liệu: Vải nhung co giãn 4 chiều mềm mịn, nhồi bông PP 3D tinh khiết an toàn cho da. Phù hợp làm quà tặng hoặc ôm ngủ.",,Kích thước,"30cm, 50cm",1,1
variation,SP-013-1,Thỏ Ngọc Trắng Muốt - 30cm,1,470000,399000,,http://localhost/teddy-shop/wp-content/uploads/2026/05/tho_ngoc.webp,,SP-013,Kích thước,30cm,,1
variation,SP-013-2,Thỏ Ngọc Trắng Muốt - 50cm,1,520000,442000,,http://localhost/teddy-shop/wp-content/uploads/2026/05/tho_ngoc.webp,,SP-013,Kích thước,50cm,,1
variable,SP-014,Thỏ Hồng Mặc Váy,1,,,Thú bông > Thỏ bông,http://localhost/teddy-shop/wp-content/uploads/2026/05/tho_hongmacvay.jpg,"Thỏ Hồng Mặc Váy thiết kế tinh xảo, cao cấp. Kích thước: 40cm, 60cm. Lông xù mềm mại, không rụng lông. Sản phẩm được gia công tỉ mỉ với đường may chắc chắn. Kích thước vừa vặn cho bé ôm.",,Kích thước,"40cm, 60cm",1,1
variation,SP-014-1,Thỏ Hồng Mặc Váy - 40cm,1,510000,433000,,http://localhost/teddy-shop/wp-content/uploads/2026/05/tho_hongmacvay.jpg,,SP-014,Kích thước,40cm,,1
variation,SP-014-2,Thỏ Hồng Mặc Váy - 60cm,1,560000,476000,,http://localhost/teddy-shop/wp-content/uploads/2026/05/tho_hongmacvay.jpg,,SP-014,Kích thước,60cm,,1
variable,SP-015,Thỏ Bông Gấu Dâu,1,,,Thú bông > Thỏ bông,http://localhost/teddy-shop/wp-content/uploads/2026/05/tho_gaudau.jpg,"Thỏ Bông Gấu Dâu thiết kế tinh xảo, cao cấp. Kích thước: 40cm, 60cm. Lông xù mềm mại, không rụng lông. Sản phẩm được gia công tỉ mỉ với đường may chắc chắn. Kích thước vừa vặn cho bé ôm.",,Kích thước,"40cm, 60cm",1,1
variation,SP-015-1,Thỏ Bông Gấu Dâu - 40cm,1,210000,178000,,http://localhost/teddy-shop/wp-content/uploads/2026/05/tho_gaudau.jpg,,SP-015,Kích thước,40cm,,1
variation,SP-015-2,Thỏ Bông Gấu Dâu - 60cm,1,260000,221000,,http://localhost/teddy-shop/wp-content/uploads/2026/05/tho_gaudau.jpg,,SP-015,Kích thước,60cm,,1
variable,SP-016,Thỏ Xám Nơ Lịch Lãm,1,,,Thú bông > Thỏ bông,http://localhost/teddy-shop/wp-content/uploads/2026/05/tho_xamno.webp,"Thỏ Xám Nơ Lịch Lãm thiết kế tinh xảo, cao cấp. Kích thước: 40cm, 60cm. Lông xù mềm mại, không rụng lông. Sản phẩm được gia công tỉ mỉ với đường may chắc chắn. Kích thước vừa vặn cho bé ôm.",,Kích thước,"40cm, 60cm",1,1
variation,SP-016-1,Thỏ Xám Nơ Lịch Lãm - 40cm,1,430000,365000,,http://localhost/teddy-shop/wp-content/uploads/2026/05/tho_xamno.webp,,SP-016,Kích thước,40cm,,1
variation,SP-016-2,Thỏ Xám Nơ Lịch Lãm - 60cm,1,480000,408000,,http://localhost/teddy-shop/wp-content/uploads/2026/05/tho_xamno.webp,,SP-016,Kích thước,60cm,,1
variable,SP-017,Thỏ Bông Cà Rốt Size Lớn,1,,,Thú bông > Thỏ bông,http://localhost/teddy-shop/wp-content/uploads/2026/05/tho_carotsizelon.jpg,"Thỏ Bông Cà Rốt Size Lớn thiết kế tinh xảo, cao cấp. Kích thước: 25cm (nhỏ gọn). Tiện lợi mang theo khi đi chơi, đi du lịch hoặc trang trí bàn học, góc làm việc. Món quà ý nghĩa cho bạn bè.",,Kích thước,25cm,1,1
variation,SP-017-1,Thỏ Bông Cà Rốt Size Lớn - 25cm,1,510000,433000,,http://localhost/teddy-shop/wp-content/uploads/2026/05/tho_carotsizelon.jpg,,SP-017,Kích thước,25cm,,1
variable,SP-018,Thỏ Bông Cosplay,1,,,Thú bông > Thỏ bông,http://localhost/teddy-shop/wp-content/uploads/2026/05/tho_cosplay.jpeg,"Thỏ Bông Cosplay thiết kế tinh xảo, cao cấp. Kích thước: 35cm, 55cm. Bề mặt vải êm ái, nhồi bông gòn 100% trắng tinh khiết tạo độ đàn hồi cao, không bị xẹp lún trong quá trình sử dụng.",,Kích thước,"35cm, 55cm",1,1
variation,SP-018-1,Thỏ Bông Cosplay - 35cm,1,370000,314000,,http://localhost/teddy-shop/wp-content/uploads/2026/05/tho_cosplay.jpeg,,SP-018,Kích thước,35cm,,1
variation,SP-018-2,Thỏ Bông Cosplay - 55cm,1,420000,357000,,http://localhost/teddy-shop/wp-content/uploads/2026/05/tho_cosplay.jpeg,,SP-018,Kích thước,55cm,,1
variable,SP-019,Thỏ Bông Mềm Mịn Đáng Yêu,1,,,Thú bông > Thỏ bông,http://localhost/teddy-shop/wp-content/uploads/2026/05/tho_bongmemmin.jpg,"Thỏ Bông Mềm Mịn Đáng Yêu thiết kế tinh xảo, cao cấp. Kích thước: 30cm, 50cm. Chất liệu: Vải nhung co giãn 4 chiều mềm mịn, nhồi bông PP 3D tinh khiết an toàn cho da. Phù hợp làm quà tặng hoặc ôm ngủ.",,Kích thước,"30cm, 50cm",1,1
variation,SP-019-1,Thỏ Bông Mềm Mịn Đáng Yêu - 30cm,1,320000,272000,,http://localhost/teddy-shop/wp-content/uploads/2026/05/tho_bongmemmin.jpg,,SP-019,Kích thước,30cm,,1
variation,SP-019-2,Thỏ Bông Mềm Mịn Đáng Yêu - 50cm,1,370000,314000,,http://localhost/teddy-shop/wp-content/uploads/2026/05/tho_bongmemmin.jpg,,SP-019,Kích thước,50cm,,1
variable,SP-020,Thỏ Bông Ngủ Gật,1,,,Thú bông > Thỏ bông,http://localhost/teddy-shop/wp-content/uploads/2026/05/tho_ngugat.jpg,"Thỏ Bông Ngủ Gật thiết kế tinh xảo, cao cấp. Kích thước: 35cm, 55cm. Bề mặt vải êm ái, nhồi bông gòn 100% trắng tinh khiết tạo độ đàn hồi cao, không bị xẹp lún trong quá trình sử dụng.",,Kích thước,"35cm, 55cm",1,1
variation,SP-020-1,Thỏ Bông Ngủ Gật - 35cm,1,700000,595000,,http://localhost/teddy-shop/wp-content/uploads/2026/05/tho_ngugat.jpg,,SP-020,Kích thước,35cm,,1
variation,SP-020-2,Thỏ Bông Ngủ Gật - 55cm,1,750000,637000,,http://localhost/teddy-shop/wp-content/uploads/2026/05/tho_ngugat.jpg,,SP-020,Kích thước,55cm,,1
variable,SP-021,Capybara Ôm Trái Cam,1,,,Thú bông > Capybara,http://localhost/teddy-shop/wp-content/uploads/2026/05/capy_omcam.jpg,"Capybara Ôm Trái Cam thiết kế tinh xảo, cao cấp. Kích thước: 20cm, 45cm, 80cm. Đa dạng kích cỡ để lựa chọn. Chất liệu thân thiện với môi trường, thiết kế độc đáo và cực kỳ dễ thương.",,Kích thước,"20cm, 45cm, 80cm",1,1
variation,SP-021-1,Capybara Ôm Trái Cam - 20cm,1,320000,272000,,http://localhost/teddy-shop/wp-content/uploads/2026/05/capy_omcam.jpg,,SP-021,Kích thước,20cm,,1
variation,SP-021-2,Capybara Ôm Trái Cam - 45cm,1,370000,314000,,http://localhost/teddy-shop/wp-content/uploads/2026/05/capy_omcam.jpg,,SP-021,Kích thước,45cm,,1
variation,SP-021-3,Capybara Ôm Trái Cam - 80cm,1,420000,357000,,http://localhost/teddy-shop/wp-content/uploads/2026/05/capy_omcam.jpg,,SP-021,Kích thước,80cm,,1
variable,SP-022,Capybara Cầm Hoa Quả,1,,,Thú bông > Capybara,http://localhost/teddy-shop/wp-content/uploads/2026/05/capy_camhoaqua.jpg,"Capybara Cầm Hoa Quả thiết kế tinh xảo, cao cấp. Kích thước: 35cm, 55cm. Bề mặt vải êm ái, nhồi bông gòn 100% trắng tinh khiết tạo độ đàn hồi cao, không bị xẹp lún trong quá trình sử dụng.",,Kích thước,"35cm, 55cm",1,1
variation,SP-022-1,Capybara Cầm Hoa Quả - 35cm,1,760000,646000,,http://localhost/teddy-shop/wp-content/uploads/2026/05/capy_camhoaqua.jpg,,SP-022,Kích thước,35cm,,1
variation,SP-022-2,Capybara Cầm Hoa Quả - 55cm,1,810000,688000,,http://localhost/teddy-shop/wp-content/uploads/2026/05/capy_camhoaqua.jpg,,SP-022,Kích thước,55cm,,1
variable,SP-023,Capybara Đeo Phao Bơi,1,,,Thú bông > Capybara,http://localhost/teddy-shop/wp-content/uploads/2026/05/capy_phao.jpg,"Capybara Đeo Phao Bơi thiết kế tinh xảo, cao cấp. Kích thước: 20cm, 45cm, 80cm. Đa dạng kích cỡ để lựa chọn. Chất liệu thân thiện với môi trường, thiết kế độc đáo và cực kỳ dễ thương.",,Kích thước,"20cm, 45cm, 80cm",1,1
variation,SP-023-1,Capybara Đeo Phao Bơi - 20cm,1,620000,527000,,http://localhost/teddy-shop/wp-content/uploads/2026/05/capy_phao.jpg,,SP-023,Kích thước,20cm,,1
variation,SP-023-2,Capybara Đeo Phao Bơi - 45cm,1,670000,569000,,http://localhost/teddy-shop/wp-content/uploads/2026/05/capy_phao.jpg,,SP-023,Kích thước,45cm,,1
variation,SP-023-3,Capybara Đeo Phao Bơi - 80cm,1,720000,612000,,http://localhost/teddy-shop/wp-content/uploads/2026/05/capy_phao.jpg,,SP-023,Kích thước,80cm,,1
variable,SP-024,Capybara Có Cánh Trắng,1,,,Thú bông > Capybara,http://localhost/teddy-shop/wp-content/uploads/2026/05/capy_cocanh.jpg,"Capybara Có Cánh Trắng thiết kế tinh xảo, cao cấp. Kích thước: 20cm, 45cm, 80cm. Đa dạng kích cỡ để lựa chọn. Chất liệu thân thiện với môi trường, thiết kế độc đáo và cực kỳ dễ thương.",,Kích thước,"20cm, 45cm, 80cm",1,1
variation,SP-024-1,Capybara Có Cánh Trắng - 20cm,1,370000,314000,,http://localhost/teddy-shop/wp-content/uploads/2026/05/capy_cocanh.jpg,,SP-024,Kích thước,20cm,,1
variation,SP-024-2,Capybara Có Cánh Trắng - 45cm,1,420000,357000,,http://localhost/teddy-shop/wp-content/uploads/2026/05/capy_cocanh.jpg,,SP-024,Kích thước,45cm,,1
variation,SP-024-3,Capybara Có Cánh Trắng - 80cm,1,470000,399000,,http://localhost/teddy-shop/wp-content/uploads/2026/05/capy_cocanh.jpg,,SP-024,Kích thước,80cm,,1
variable,SP-025,Capybara Mặc Áo Thun,1,,,Thú bông > Capybara,http://localhost/teddy-shop/wp-content/uploads/2026/05/capy_macao.jpg,"Capybara Mặc Áo Thun thiết kế tinh xảo, cao cấp. Kích thước: 40cm, 60cm. Lông xù mềm mại, không rụng lông. Sản phẩm được gia công tỉ mỉ với đường may chắc chắn. Kích thước vừa vặn cho bé ôm.",,Kích thước,"40cm, 60cm",1,1
variation,SP-025-1,Capybara Mặc Áo Thun - 40cm,1,730000,620000,,http://localhost/teddy-shop/wp-content/uploads/2026/05/capy_macao.jpg,,SP-025,Kích thước,40cm,,1
variation,SP-025-2,Capybara Mặc Áo Thun - 60cm,1,780000,663000,,http://localhost/teddy-shop/wp-content/uploads/2026/05/capy_macao.jpg,,SP-025,Kích thước,60cm,,1
variable,SP-026,Capybara Đầu Bếp,1,,,Thú bông > Capybara,http://localhost/teddy-shop/wp-content/uploads/2026/05/capy_daubep.jpg,"Capybara Đầu Bếp thiết kế tinh xảo, cao cấp. Kích thước: 30cm, 50cm. Chất liệu: Vải nhung co giãn 4 chiều mềm mịn, nhồi bông PP 3D tinh khiết an toàn cho da. Phù hợp làm quà tặng hoặc ôm ngủ.",,Kích thước,"30cm, 50cm",1,1
variation,SP-026-1,Capybara Đầu Bếp - 30cm,1,680000,578000,,http://localhost/teddy-shop/wp-content/uploads/2026/05/capy_daubep.jpg,,SP-026,Kích thước,30cm,,1
variation,SP-026-2,Capybara Đầu Bếp - 50cm,1,730000,620000,,http://localhost/teddy-shop/wp-content/uploads/2026/05/capy_daubep.jpg,,SP-026,Kích thước,50cm,,1
variable,SP-027,Chuột Hamster Nhồi Bông Cầm Hạt,1,,,Thú bông > Hamster,http://localhost/teddy-shop/wp-content/uploads/2026/05/hamster_camhat.jpg,"Chuột Hamster Nhồi Bông Cầm Hạt thiết kế tinh xảo, cao cấp. Kích thước: 40cm, 60cm. Lông xù mềm mại, không rụng lông. Sản phẩm được gia công tỉ mỉ với đường may chắc chắn. Kích thước vừa vặn cho bé ôm.",,Kích thước,"40cm, 60cm",1,1
variation,SP-027-1,Chuột Hamster Nhồi Bông Cầm Hạt - 40cm,1,270000,229000,,http://localhost/teddy-shop/wp-content/uploads/2026/05/hamster_camhat.jpg,,SP-027,Kích thước,40cm,,1
variation,SP-027-2,Chuột Hamster Nhồi Bông Cầm Hạt - 60cm,1,320000,272000,,http://localhost/teddy-shop/wp-content/uploads/2026/05/hamster_camhat.jpg,,SP-027,Kích thước,60cm,,1
variable,SP-028,Hamster Cosplay Trái Cây,1,,,Thú bông > Hamster,http://localhost/teddy-shop/wp-content/uploads/2026/05/hamster_cosplaytraicay.avif,"Hamster Cosplay Trái Cây thiết kế tinh xảo, cao cấp. Kích thước: 20cm, 45cm, 80cm. Đa dạng kích cỡ để lựa chọn. Chất liệu thân thiện với môi trường, thiết kế độc đáo và cực kỳ dễ thương.",,Kích thước,"20cm, 45cm, 80cm",1,1
variation,SP-028-1,Hamster Cosplay Trái Cây - 20cm,1,460000,391000,,http://localhost/teddy-shop/wp-content/uploads/2026/05/hamster_cosplaytraicay.avif,,SP-028,Kích thước,20cm,,1
variation,SP-028-2,Hamster Cosplay Trái Cây - 45cm,1,510000,433000,,http://localhost/teddy-shop/wp-content/uploads/2026/05/hamster_cosplaytraicay.avif,,SP-028,Kích thước,45cm,,1
variation,SP-028-3,Hamster Cosplay Trái Cây - 80cm,1,560000,476000,,http://localhost/teddy-shop/wp-content/uploads/2026/05/hamster_cosplaytraicay.avif,,SP-028,Kích thước,80cm,,1
variable,SP-029,Hamster Ú Nu Đáng Yêu,1,,,Thú bông > Hamster,http://localhost/teddy-shop/wp-content/uploads/2026/05/hamster_unu.jpg,"Hamster Ú Nu Đáng Yêu thiết kế tinh xảo, cao cấp. Kích thước: 35cm, 55cm. Bề mặt vải êm ái, nhồi bông gòn 100% trắng tinh khiết tạo độ đàn hồi cao, không bị xẹp lún trong quá trình sử dụng.",,Kích thước,"35cm, 55cm",1,1
variation,SP-029-1,Hamster Ú Nu Đáng Yêu - 35cm,1,280000,238000,,http://localhost/teddy-shop/wp-content/uploads/2026/05/hamster_unu.jpg,,SP-029,Kích thước,35cm,,1
variation,SP-029-2,Hamster Ú Nu Đáng Yêu - 55cm,1,330000,280000,,http://localhost/teddy-shop/wp-content/uploads/2026/05/hamster_unu.jpg,,SP-029,Kích thước,55cm,,1
variable,SP-030,Hamster Lông Mềm Mịn Cute,1,,,Thú bông > Hamster,http://localhost/teddy-shop/wp-content/uploads/2026/05/hamster_longmem.jpg,"Hamster Lông Mềm Mịn Cute thiết kế tinh xảo, cao cấp. Kích thước: 35cm, 55cm. Bề mặt vải êm ái, nhồi bông gòn 100% trắng tinh khiết tạo độ đàn hồi cao, không bị xẹp lún trong quá trình sử dụng.",,Kích thước,"35cm, 55cm",1,1
variation,SP-030-1,Hamster Lông Mềm Mịn Cute - 35cm,1,680000,578000,,http://localhost/teddy-shop/wp-content/uploads/2026/05/hamster_longmem.jpg,,SP-030,Kích thước,35cm,,1
variation,SP-030-2,Hamster Lông Mềm Mịn Cute - 55cm,1,730000,620000,,http://localhost/teddy-shop/wp-content/uploads/2026/05/hamster_longmem.jpg,,SP-030,Kích thước,55cm,,1
variable,SP-031,Hamster Mềm Mịn Bóp Kêu,1,,,Thú bông > Hamster,http://localhost/teddy-shop/wp-content/uploads/2026/05/hamster_memminbopkeu.avif,"Hamster Mềm Mịn Bóp Kêu thiết kế tinh xảo, cao cấp. Kích thước: 20cm, 45cm, 80cm. Đa dạng kích cỡ để lựa chọn. Chất liệu thân thiện với môi trường, thiết kế độc đáo và cực kỳ dễ thương.",,Kích thước,"20cm, 45cm, 80cm",1,1
variation,SP-031-1,Hamster Mềm Mịn Bóp Kêu - 20cm,1,210000,178000,,http://localhost/teddy-shop/wp-content/uploads/2026/05/hamster_memminbopkeu.avif,,SP-031,Kích thước,20cm,,1
variation,SP-031-2,Hamster Mềm Mịn Bóp Kêu - 45cm,1,260000,221000,,http://localhost/teddy-shop/wp-content/uploads/2026/05/hamster_memminbopkeu.avif,,SP-031,Kích thước,45cm,,1
variation,SP-031-3,Hamster Mềm Mịn Bóp Kêu - 80cm,1,310000,263000,,http://localhost/teddy-shop/wp-content/uploads/2026/05/hamster_memminbopkeu.avif,,SP-031,Kích thước,80cm,,1
variable,SP-032,Hamster Xám Tro,1,,,Thú bông > Hamster,http://localhost/teddy-shop/wp-content/uploads/2026/05/hamster_xam.jpg,"Hamster Xám Tro thiết kế tinh xảo, cao cấp. Kích thước: 35cm, 55cm. Bề mặt vải êm ái, nhồi bông gòn 100% trắng tinh khiết tạo độ đàn hồi cao, không bị xẹp lún trong quá trình sử dụng.",,Kích thước,"35cm, 55cm",1,1
variation,SP-032-1,Hamster Xám Tro - 35cm,1,690000,586000,,http://localhost/teddy-shop/wp-content/uploads/2026/05/hamster_xam.jpg,,SP-032,Kích thước,35cm,,1
variation,SP-032-2,Hamster Xám Tro - 55cm,1,740000,629000,,http://localhost/teddy-shop/wp-content/uploads/2026/05/hamster_xam.jpg,,SP-032,Kích thước,55cm,,1
variable,SP-033,Hamster Đội Mũ Trái Cây,1,,,Thú bông > Hamster,http://localhost/teddy-shop/wp-content/uploads/2026/05/hamster_doimu.jpg,"Hamster Đội Mũ Trái Cây thiết kế tinh xảo, cao cấp. Kích thước: 35cm, 55cm. Bề mặt vải êm ái, nhồi bông gòn 100% trắng tinh khiết tạo độ đàn hồi cao, không bị xẹp lún trong quá trình sử dụng.",,Kích thước,"35cm, 55cm",1,1
variation,SP-033-1,Hamster Đội Mũ Trái Cây - 35cm,1,230000,195000,,http://localhost/teddy-shop/wp-content/uploads/2026/05/hamster_doimu.jpg,,SP-033,Kích thước,35cm,,1
variation,SP-033-2,Hamster Đội Mũ Trái Cây - 55cm,1,280000,238000,,http://localhost/teddy-shop/wp-content/uploads/2026/05/hamster_doimu.jpg,,SP-033,Kích thước,55cm,,1
variable,SP-034,Hamster Tròn Xoe,1,,,Thú bông > Hamster,http://localhost/teddy-shop/wp-content/uploads/2026/05/hamster_tron.jpg,"Hamster Tròn Xoe thiết kế tinh xảo, cao cấp. Kích thước: 25cm (nhỏ gọn). Tiện lợi mang theo khi đi chơi, đi du lịch hoặc trang trí bàn học, góc làm việc. Món quà ý nghĩa cho bạn bè.",,Kích thước,25cm,1,1
variation,SP-034-1,Hamster Tròn Xoe - 25cm,1,460000,391000,,http://localhost/teddy-shop/wp-content/uploads/2026/05/hamster_tron.jpg,,SP-034,Kích thước,25cm,,1
variable,SP-035,Hamster Đội Mũ Khủng Long Cute,1,,,Thú bông > Hamster,http://localhost/teddy-shop/wp-content/uploads/2026/05/hamster_doimukhunglong.jpg,"Hamster Đội Mũ Khủng Long Cute thiết kế tinh xảo, cao cấp. Kích thước: 25cm (nhỏ gọn). Tiện lợi mang theo khi đi chơi, đi du lịch hoặc trang trí bàn học, góc làm việc. Món quà ý nghĩa cho bạn bè.",,Kích thước,25cm,1,1
variation,SP-035-1,Hamster Đội Mũ Khủng Long Cute - 25cm,1,560000,476000,,http://localhost/teddy-shop/wp-content/uploads/2026/05/hamster_doimukhunglong.jpg,,SP-035,Kích thước,25cm,,1
variable,SP-036,Hamster Lười Biếng,1,,,Thú bông > Hamster,http://localhost/teddy-shop/wp-content/uploads/2026/05/hamster_luoibieng.jpg,"Hamster Lười Biếng thiết kế tinh xảo, cao cấp. Kích thước: 35cm, 55cm. Bề mặt vải êm ái, nhồi bông gòn 100% trắng tinh khiết tạo độ đàn hồi cao, không bị xẹp lún trong quá trình sử dụng.",,Kích thước,"35cm, 55cm",1,1
variation,SP-036-1,Hamster Lười Biếng - 35cm,1,540000,459000,,http://localhost/teddy-shop/wp-content/uploads/2026/05/hamster_luoibieng.jpg,,SP-036,Kích thước,35cm,,1
variation,SP-036-2,Hamster Lười Biếng - 55cm,1,590000,501000,,http://localhost/teddy-shop/wp-content/uploads/2026/05/hamster_luoibieng.jpg,,SP-036,Kích thước,55cm,,1
variable,SP-037,Chim Cánh Cụt Cosplay Khủng Long,1,,,Thú bông > Chim cánh cụt,http://localhost/teddy-shop/wp-content/uploads/2026/05/canhcut_khunglong.jpg,"Chim Cánh Cụt Cosplay Khủng Long thiết kế tinh xảo, cao cấp. Kích thước: 25cm (nhỏ gọn). Tiện lợi mang theo khi đi chơi, đi du lịch hoặc trang trí bàn học, góc làm việc. Món quà ý nghĩa cho bạn bè.",,Kích thước,25cm,1,1
variation,SP-037-1,Chim Cánh Cụt Cosplay Khủng Long - 25cm,1,330000,280000,,http://localhost/teddy-shop/wp-content/uploads/2026/05/canhcut_khunglong.jpg,,SP-037,Kích thước,25cm,,1
variable,SP-038,Chim Cánh Cụt Ôm Cá,1,,,Thú bông > Chim cánh cụt,http,"Chim Cánh Cụt Đeo Túi chéo thiết kế tinh xảo, cao cấp. Kích thước: 35cm, 55cm. Bề mặt vải êm ái, nhồi bông gòn 100% trắng tinh khiết tạo độ đàn hồi cao, không bị xẹp lún trong quá trình sử dụng.",,Kích thước,"35cm, 55cm",1,1
variation,SP-038-1,Chim Cánh Cụt Ôm Cá - 35cm,1,680000,578000,,http,,SP-038,Kích thước,35cm,,1
variation,SP-038-2,Chim Cánh Cụt Ôm Cá - 55cm,1,730000,620000,,http,,SP-038,Kích thước,55cm,,1
variable,SP-039,Chim Cánh Cụt Đeo Túi Chéo,1,,,Thú bông > Chim cánh cụt,http://localhost/teddy-shop/wp-content/uploads/2026/05/canhcut_omca.jpeg,"Chim Cánh Cụt Đeo Kính Cận thiết kế tinh xảo, cao cấp. Kích thước: 30cm, 50cm. Chất liệu: Vải nhung co giãn 4 chiều mềm mịn, nhồi bông PP 3D tinh khiết an toàn cho da. Phù hợp làm quà tặng hoặc ôm ngủ.",,Kích thước,"30cm, 50cm",1,1
variation,SP-039-1,Chim Cánh Cụt Đeo Túi Chéo - 30cm,1,760000,646000,,http://localhost/teddy-shop/wp-content/uploads/2026/05/canhcut_omca.jpeg,,SP-039,Kích thước,30cm,,1
variation,SP-039-2,Chim Cánh Cụt Đeo Túi Chéo - 50cm,1,810000,688000,,http://localhost/teddy-shop/wp-content/uploads/2026/05/canhcut_omca.jpeg,,SP-039,Kích thước,50cm,,1
variable,SP-040,Chim Cánh Cụt Mặc Áo Len,1,,,Thú bông > Chim cánh cụt,http://localhost/teddy-shop/wp-content/uploads/2026/05/canhcut_macao.jpg,"Chim Cánh Cụt Mặc Áo Len thiết kế tinh xảo, cao cấp. Kích thước: 25cm (nhỏ gọn). Tiện lợi mang theo khi đi chơi, đi du lịch hoặc trang trí bàn học, góc làm việc. Món quà ý nghĩa cho bạn bè.",,Kích thước,25cm,1,1
variation,SP-040-1,Chim Cánh Cụt Mặc Áo Len - 25cm,1,670000,569000,,http://localhost/teddy-shop/wp-content/uploads/2026/05/canhcut_macao.jpg,,SP-040,Kích thước,25cm,,1
variable,SP-041,Chim Cánh Cụt Nằm Sấp,1,,,Thú bông > Chim cánh cụt,http://localhost/teddy-shop/wp-content/uploads/2026/05/canhcut_namsap.jpg,"Chim Cánh Cụt Nằm Sấp thiết kế tinh xảo, cao cấp. Kích thước: 40cm, 60cm. Lông xù mềm mại, không rụng lông. Sản phẩm được gia công tỉ mỉ với đường may chắc chắn. Kích thước vừa vặn cho bé ôm.",,Kích thước,"40cm, 60cm",1,1
variation,SP-041-1,Chim Cánh Cụt Nằm Sấp - 40cm,1,720000,612000,,http://localhost/teddy-shop/wp-content/uploads/2026/05/canhcut_namsap.jpg,,SP-041,Kích thước,40cm,,1
variation,SP-041-2,Chim Cánh Cụt Nằm Sấp - 60cm,1,770000,654000,,http://localhost/teddy-shop/wp-content/uploads/2026/05/canhcut_namsap.jpg,,SP-041,Kích thước,60cm,,1
variable,SP-042,Chim Cánh Cụt Tròn Vo,1,,,Thú bông > Chim cánh cụt,http://localhost/teddy-shop/wp-content/uploads/2026/05/canhcut_tronvo.webp,"Chim Cánh Cụt Tròn Vo thiết kế tinh xảo, cao cấp. Kích thước: 40cm, 60cm. Lông xù mềm mại, không rụng lông. Sản phẩm được gia công tỉ mỉ với đường may chắc chắn. Kích thước vừa vặn cho bé ôm.",,Kích thước,"40cm, 60cm",1,1
variation,SP-042-1,Chim Cánh Cụt Tròn Vo - 40cm,1,370000,314000,,http://localhost/teddy-shop/wp-content/uploads/2026/05/canhcut_tronvo.webp,,SP-042,Kích thước,40cm,,1
variation,SP-042-2,Chim Cánh Cụt Tròn Vo - 60cm,1,420000,357000,,http://localhost/teddy-shop/wp-content/uploads/2026/05/canhcut_tronvo.webp,,SP-042,Kích thước,60cm,,1
variable,SP-043,Chim Cánh Cụt Đội Mũ Len,1,,,Thú bông > Chim cánh cụt,http://localhost/teddy-shop/wp-content/uploads/2026/05/canhcut_doimu.jpg,"Chim Cánh Cụt Đội Mũ Len thiết kế tinh xảo, cao cấp. Kích thước: 25cm (nhỏ gọn). Tiện lợi mang theo khi đi chơi, đi du lịch hoặc trang trí bàn học, góc làm việc. Món quà ý nghĩa cho bạn bè.",,Kích thước,25cm,1,1
variation,SP-043-1,Chim Cánh Cụt Đội Mũ Len - 25cm,1,190000,161000,,http://localhost/teddy-shop/wp-content/uploads/2026/05/canhcut_doimu.jpg,,SP-043,Kích thước,25cm,,1
variable,SP-044,Chim Cánh Cụt Cảm Xúc,1,,,Thú bông > Chim cánh cụt,http://localhost/teddy-shop/wp-content/uploads/2026/05/canhcut_camxuc.webp,"Chim Cánh Cụt Cảm Xúc thiết kế tinh xảo, cao cấp. Kích thước: 35cm, 55cm. Bề mặt vải êm ái, nhồi bông gòn 100% trắng tinh khiết tạo độ đàn hồi cao, không bị xẹp lún trong quá trình sử dụng.",,Kích thước,"35cm, 55cm",1,1
variation,SP-044-1,Chim Cánh Cụt Cảm Xúc - 35cm,1,640000,544000,,http://localhost/teddy-shop/wp-content/uploads/2026/05/canhcut_camxuc.webp,,SP-044,Kích thước,35cm,,1
variation,SP-044-2,Chim Cánh Cụt Cảm Xúc - 55cm,1,690000,586000,,http://localhost/teddy-shop/wp-content/uploads/2026/05/canhcut_camxuc.webp,,SP-044,Kích thước,55cm,,1
variable,SP-045,Chim Cánh Cụt Pengin,1,,,Thú bông > Chim cánh cụt,http://localhost/teddy-shop/wp-content/uploads/2026/05/canhcut_pengin.avif,"Chim Cánh Cụt Pengin thiết kế tinh xảo, cao cấp. Kích thước: 20cm, 45cm, 80cm. Đa dạng kích cỡ để lựa chọn. Chất liệu thân thiện với môi trường, thiết kế độc đáo và cực kỳ dễ thương.",,Kích thước,"20cm, 45cm, 80cm",1,1
variation,SP-045-1,Chim Cánh Cụt Pengin - 20cm,1,760000,646000,,http://localhost/teddy-shop/wp-content/uploads/2026/05/canhcut_pengin.avif,,SP-045,Kích thước,20cm,,1
variation,SP-045-2,Chim Cánh Cụt Pengin - 45cm,1,810000,688000,,http://localhost/teddy-shop/wp-content/uploads/2026/05/canhcut_pengin.avif,,SP-045,Kích thước,45cm,,1
variation,SP-045-3,Chim Cánh Cụt Pengin - 80cm,1,860000,731000,,http://localhost/teddy-shop/wp-content/uploads/2026/05/canhcut_pengin.avif,,SP-045,Kích thước,80cm,,1
variable,SP-046,Chim Cánh Cụt Béo Ú,1,,,Thú bông > Chim cánh cụt,http://localhost/teddy-shop/wp-content/uploads/2026/05/canhcut_beou.jpg,"Chim Cánh Cụt Béo Ú thiết kế tinh xảo, cao cấp. Kích thước: 40cm, 60cm. Lông xù mềm mại, không rụng lông. Sản phẩm được gia công tỉ mỉ với đường may chắc chắn. Kích thước vừa vặn cho bé ôm.",,Kích thước,"40cm, 60cm",1,1
variation,SP-046-1,Chim Cánh Cụt Béo Ú - 40cm,1,250000,212000,,http://localhost/teddy-shop/wp-content/uploads/2026/05/canhcut_beou.jpg,,SP-046,Kích thước,40cm,,1
variation,SP-046-2,Chim Cánh Cụt Béo Ú - 60cm,1,300000,255000,,http://localhost/teddy-shop/wp-content/uploads/2026/05/canhcut_beou.jpg,,SP-046,Kích thước,60cm,,1
variable,SP-047,Gấu Trúc Nhồi Bông Cầm Trúc,1,,,Thú bông > Gấu trúc,http://localhost/teddy-shop/wp-content/uploads/2026/05/gautruc_camtruc.jpg,"Gấu Trúc Nhồi Bông Cầm Trúc thiết kế tinh xảo, cao cấp. Kích thước: 40cm, 60cm. Lông xù mềm mại, không rụng lông. Sản phẩm được gia công tỉ mỉ với đường may chắc chắn. Kích thước vừa vặn cho bé ôm.",,Kích thước,"40cm, 60cm",1,1
variation,SP-047-1,Gấu Trúc Nhồi Bông Cầm Trúc - 40cm,1,720000,612000,,http://localhost/teddy-shop/wp-content/uploads/2026/05/gautruc_camtruc.jpg,,SP-047,Kích thước,40cm,,1
variation,SP-047-2,Gấu Trúc Nhồi Bông Cầm Trúc - 60cm,1,770000,654000,,http://localhost/teddy-shop/wp-content/uploads/2026/05/gautruc_camtruc.jpg,,SP-047,Kích thước,60cm,,1
variable,SP-048,Gấu Trúc Panda Béo Mập,1,,,Thú bông > Gấu trúc,http://localhost/teddy-shop/wp-content/uploads/2026/05/gautruc_beo.jpg,"Gấu Trúc Panda Béo Mập thiết kế tinh xảo, cao cấp. Kích thước: 25cm (nhỏ gọn). Tiện lợi mang theo khi đi chơi, đi du lịch hoặc trang trí bàn học, góc làm việc. Món quà ý nghĩa cho bạn bè.",,Kích thước,25cm,1,1
variation,SP-048-1,Gấu Trúc Panda Béo Mập - 25cm,1,730000,620000,,http://localhost/teddy-shop/wp-content/uploads/2026/05/gautruc_beo.jpg,,SP-048,Kích thước,25cm,,1
variable,SP-049,Gấu Trúc Ôm Hoa,1,,,Thú bông > Gấu trúc,http://localhost/teddy-shop/wp-content/uploads/2026/05/gautruc_omhoa.jpg,"Gấu Trúc Ôm Hoa thiết kế tinh xảo, cao cấp. Kích thước: 40cm, 60cm. Lông xù mềm mại, không rụng lông. Sản phẩm được gia công tỉ mỉ với đường may chắc chắn. Kích thước vừa vặn cho bé ôm.",,Kích thước,"40cm, 60cm",1,1
variation,SP-049-1,Gấu Trúc Ôm Hoa - 40cm,1,390000,331000,,http://localhost/teddy-shop/wp-content/uploads/2026/05/gautruc_omhoa.jpg,,SP-049,Kích thước,40cm,,1
variation,SP-049-2,Gấu Trúc Ôm Hoa - 60cm,1,440000,374000,,http://localhost/teddy-shop/wp-content/uploads/2026/05/gautruc_omhoa.jpg,,SP-049,Kích thước,60cm,,1
variable,SP-050,Gấu Trúc Đeo Balo Bơ,1,,,Thú bông > Gấu trúc,http://localhost/teddy-shop/wp-content/uploads/2026/05/gautruc_deobalo.jpg,"Gấu Trúc Đeo Balo Bơ thiết kế tinh xảo, cao cấp. Kích thước: 40cm, 60cm. Lông xù mềm mại, không rụng lông. Sản phẩm được gia công tỉ mỉ với đường may chắc chắn. Kích thước vừa vặn cho bé ôm.",,Kích thước,"40cm, 60cm",1,1
variation,SP-050-1,Gấu Trúc Đeo Balo Bơ - 40cm,1,610000,518000,,http://localhost/teddy-shop/wp-content/uploads/2026/05/gautruc_deobalo.jpg,,SP-050,Kích thước,40cm,,1
variation,SP-050-2,Gấu Trúc Đeo Balo Bơ - 60cm,1,660000,561000,,http://localhost/teddy-shop/wp-content/uploads/2026/05/gautruc_deobalo.jpg,,SP-050,Kích thước,60cm,,1
variable,SP-051,Gấu Trúc Tốt Nghiệp,1,,,Thú bông > Gấu trúc,http://localhost/teddy-shop/wp-content/uploads/2026/05/gautruc_totnghiep.jpg,"Gấu Trúc Tốt Nghiệp thiết kế tinh xảo, cao cấp. Kích thước: 35cm, 55cm. Bề mặt vải êm ái, nhồi bông gòn 100% trắng tinh khiết tạo độ đàn hồi cao, không bị xẹp lún trong quá trình sử dụng.",,Kích thước,"35cm, 55cm",1,1
variation,SP-051-1,Gấu Trúc Tốt Nghiệp - 35cm,1,400000,340000,,http://localhost/teddy-shop/wp-content/uploads/2026/05/gautruc_totnghiep.jpg,,SP-051,Kích thước,35cm,,1
variation,SP-051-2,Gấu Trúc Tốt Nghiệp - 55cm,1,450000,382000,,http://localhost/teddy-shop/wp-content/uploads/2026/05/gautruc_totnghiep.jpg,,SP-051,Kích thước,55cm,,1
variable,SP-052,Gấu Trúc Mẹ Bồng Con,1,,,Thú bông > Gấu trúc,http://localhost/teddy-shop/wp-content/uploads/2026/05/gautruc_mebongcon.webp,"Gấu Trúc Mẹ Bồng Con thiết kế tinh xảo, cao cấp. Kích thước: 20cm, 45cm, 80cm. Đa dạng kích cỡ để lựa chọn. Chất liệu thân thiện với môi trường, thiết kế độc đáo và cực kỳ dễ thương.",,Kích thước,"20cm, 45cm, 80cm",1,1
variation,SP-052-1,Gấu Trúc Mẹ Bồng Con - 20cm,1,430000,365000,,http://localhost/teddy-shop/wp-content/uploads/2026/05/gautruc_mebongcon.webp,,SP-052,Kích thước,20cm,,1
variation,SP-052-2,Gấu Trúc Mẹ Bồng Con - 45cm,1,480000,408000,,http://localhost/teddy-shop/wp-content/uploads/2026/05/gautruc_mebongcon.webp,,SP-052,Kích thước,45cm,,1
variation,SP-052-3,Gấu Trúc Mẹ Bồng Con - 80cm,1,530000,450000,,http://localhost/teddy-shop/wp-content/uploads/2026/05/gautruc_mebongcon.webp,,SP-052,Kích thước,80cm,,1
variable,SP-053,Gấu Trúc Đầu Bếp,1,,,Thú bông > Gấu trúc,http://localhost/teddy-shop/wp-content/uploads/2026/05/gautruc_daubep.jpg,"Gấu Trúc Đầu Bếp thiết kế tinh xảo, cao cấp. Kích thước: 40cm, 60cm. Lông xù mềm mại, không rụng lông. Sản phẩm được gia công tỉ mỉ với đường may chắc chắn. Kích thước vừa vặn cho bé ôm.",,Kích thước,"40cm, 60cm",1,1
variation,SP-053-1,Gấu Trúc Đầu Bếp - 40cm,1,500000,425000,,http://localhost/teddy-shop/wp-content/uploads/2026/05/gautruc_daubep.jpg,,SP-053,Kích thước,40cm,,1
variation,SP-053-2,Gấu Trúc Đầu Bếp - 60cm,1,550000,467000,,http://localhost/teddy-shop/wp-content/uploads/2026/05/gautruc_daubep.jpg,,SP-053,Kích thước,60cm,,1
variable,SP-054,Gấu Trúc Đeo Hoa,1,,,Thú bông > Gấu trúc,http://localhost/teddy-shop/wp-content/uploads/2026/05/gautruc_deohoa.jpg,"Gấu Trúc Đeo Hoa thiết kế tinh xảo, cao cấp. Kích thước: 30cm, 50cm. Chất liệu: Vải nhung co giãn 4 chiều mềm mịn, nhồi bông PP 3D tinh khiết an toàn cho da. Phù hợp làm quà tặng hoặc ôm ngủ.",,Kích thước,"30cm, 50cm",1,1
variation,SP-054-1,Gấu Trúc Đeo Hoa - 30cm,1,600000,510000,,http://localhost/teddy-shop/wp-content/uploads/2026/05/gautruc_deohoa.jpg,,SP-054,Kích thước,30cm,,1
variation,SP-054-2,Gấu Trúc Đeo Hoa - 50cm,1,650000,552000,,http://localhost/teddy-shop/wp-content/uploads/2026/05/gautruc_deohoa.jpg,,SP-054,Kích thước,50cm,,1
variable,SP-055,Gấu Trúc Ôm Hoa Quả,1,,,Thú bông > Gấu trúc,http://localhost/teddy-shop/wp-content/uploads/2026/05/gautruc_omhoaqua.png,"Gấu Trúc Ôm Hoa Quả thiết kế tinh xảo, cao cấp. Kích thước: 25cm (nhỏ gọn). Tiện lợi mang theo khi đi chơi, đi du lịch hoặc trang trí bàn học, góc làm việc. Món quà ý nghĩa cho bạn bè.",,Kích thước,25cm,1,1
variation,SP-055-1,Gấu Trúc Ôm Hoa Quả - 25cm,1,620000,527000,,http://localhost/teddy-shop/wp-content/uploads/2026/05/gautruc_omhoaqua.png,,SP-055,Kích thước,25cm,,1
variable,SP-056,Gấu Trúc Lông Xù,1,,,Thú bông > Gấu trúc,http://localhost/teddy-shop/wp-content/uploads/2026/05/gautruc_longxu.jpg,"Gấu Trúc Lông Xù thiết kế tinh xảo, cao cấp. Kích thước: 40cm, 60cm. Lông xù mềm mại, không rụng lông. Sản phẩm được gia công tỉ mỉ với đường may chắc chắn. Kích thước vừa vặn cho bé ôm.",,Kích thước,"40cm, 60cm",1,1
variation,SP-056-1,Gấu Trúc Lông Xù - 40cm,1,770000,654000,,http://localhost/teddy-shop/wp-content/uploads/2026/05/gautruc_longxu.jpg,,SP-056,Kích thước,40cm,,1
variation,SP-056-2,Gấu Trúc Lông Xù - 60cm,1,820000,697000,,http://localhost/teddy-shop/wp-content/uploads/2026/05/gautruc_longxu.jpg,,SP-056,Kích thước,60cm,,1
variable,SP-057,Khủng Long Xanh Nằm Ngủ,1,,,Thú bông > Khủng long,http://localhost/teddy-shop/wp-content/uploads/2026/05/khunglong_namngu.webp,"Khủng Long Xanh Nằm Ngủ thiết kế tinh xảo, cao cấp. Kích thước: 20cm, 45cm, 80cm. Đa dạng kích cỡ để lựa chọn. Chất liệu thân thiện với môi trường, thiết kế độc đáo và cực kỳ dễ thương.",,Kích thước,"20cm, 45cm, 80cm",1,1
variation,SP-057-1,Khủng Long Xanh Nằm Ngủ - 20cm,1,200000,170000,,http://localhost/teddy-shop/wp-content/uploads/2026/05/khunglong_namngu.webp,,SP-057,Kích thước,20cm,,1
variation,SP-057-2,Khủng Long Xanh Nằm Ngủ - 45cm,1,250000,212000,,http://localhost/teddy-shop/wp-content/uploads/2026/05/khunglong_namngu.webp,,SP-057,Kích thước,45cm,,1
variation,SP-057-3,Khủng Long Xanh Nằm Ngủ - 80cm,1,300000,255000,,http://localhost/teddy-shop/wp-content/uploads/2026/05/khunglong_namngu.webp,,SP-057,Kích thước,80cm,,1
variable,SP-058,Khủng Long Răng Cưa Đáng Yêu,1,,,Thú bông > Khủng long,http://localhost/teddy-shop/wp-content/uploads/2026/05/khunglong_rangcua.jpg,"Khủng Long Răng Cưa Đáng Yêu thiết kế tinh xảo, cao cấp. Kích thước: 25cm (nhỏ gọn). Tiện lợi mang theo khi đi chơi, đi du lịch hoặc trang trí bàn học, góc làm việc. Món quà ý nghĩa cho bạn bè.",,Kích thước,25cm,1,1
variation,SP-058-1,Khủng Long Răng Cưa Đáng Yêu - 25cm,1,750000,637000,,http://localhost/teddy-shop/wp-content/uploads/2026/05/khunglong_rangcua.jpg,,SP-058,Kích thước,25cm,,1
variable,SP-059,Khủng Long Bạo Chúa T-Rex Bông,1,,,Thú bông > Khủng long,http://localhost/teddy-shop/wp-content/uploads/2026/05/khunglong_baochua.jpg,"Khủng Long Bạo Chúa T-Rex Bông thiết kế tinh xảo, cao cấp. Kích thước: 35cm, 55cm. Bề mặt vải êm ái, nhồi bông gòn 100% trắng tinh khiết tạo độ đàn hồi cao, không bị xẹp lún trong quá trình sử dụng.",,Kích thước,"35cm, 55cm",1,1
variation,SP-059-1,Khủng Long Bạo Chúa T-Rex Bông - 35cm,1,540000,459000,,http://localhost/teddy-shop/wp-content/uploads/2026/05/khunglong_baochua.jpg,,SP-059,Kích thước,35cm,,1
variation,SP-059-2,Khủng Long Bạo Chúa T-Rex Bông - 55cm,1,590000,501000,,http://localhost/teddy-shop/wp-content/uploads/2026/05/khunglong_baochua.jpg,,SP-059,Kích thước,55cm,,1
variable,SP-060,Khủng Long Đuôi Dài Mềm Mịn,1,,,Thú bông > Khủng long,http://localhost/teddy-shop/wp-content/uploads/2026/05/khunglong_duoidai.jpg,"Khủng Long Đuôi Dài Mềm Mịn thiết kế tinh xảo, cao cấp. Kích thước: 25cm (nhỏ gọn). Tiện lợi mang theo khi đi chơi, đi du lịch hoặc trang trí bàn học, góc làm việc. Món quà ý nghĩa cho bạn bè.",,Kích thước,25cm,1,1
variation,SP-060-1,Khủng Long Đuôi Dài Mềm Mịn - 25cm,1,640000,544000,,http://localhost/teddy-shop/wp-content/uploads/2026/05/khunglong_duoidai.jpg,,SP-060,Kích thước,25cm,,1
variable,SP-061,Khủng Long Đeo Balo Đi Học,1,,,Thú bông > Khủng long,http://localhost/teddy-shop/wp-content/uploads/2026/05/khunglong_deobalo.jpg,"Khủng Long Đeo Balo Đi Học thiết kế tinh xảo, cao cấp. Kích thước: 25cm (nhỏ gọn). Tiện lợi mang theo khi đi chơi, đi du lịch hoặc trang trí bàn học, góc làm việc. Món quà ý nghĩa cho bạn bè.",,Kích thước,25cm,1,1
variation,SP-061-1,Khủng Long Đeo Balo Đi Học - 25cm,1,510000,433000,,http://localhost/teddy-shop/wp-content/uploads/2026/05/khunglong_deobalo.jpg,,SP-061,Kích thước,25cm,,1
variable,SP-062,Khủng Long Ăn Cỏ Béo Ú,1,,,Thú bông > Khủng long,http://localhost/teddy-shop/wp-content/uploads/2026/05/khunglong_anco.jpg,"Khủng Long Ăn Cỏ Béo Ú thiết kế tinh xảo, cao cấp. Kích thước: 35cm, 55cm. Bề mặt vải êm ái, nhồi bông gòn 100% trắng tinh khiết tạo độ đàn hồi cao, không bị xẹp lún trong quá trình sử dụng.",,Kích thước,"35cm, 55cm",1,1
variation,SP-062-1,Khủng Long Ăn Cỏ Béo Ú - 35cm,1,760000,646000,,http://localhost/teddy-shop/wp-content/uploads/2026/05/khunglong_anco.jpg,,SP-062,Kích thước,35cm,,1
variation,SP-062-2,Khủng Long Ăn Cỏ Béo Ú - 55cm,1,810000,688000,,http://localhost/teddy-shop/wp-content/uploads/2026/05/khunglong_anco.jpg,,SP-062,Kích thước,55cm,,1
variable,SP-063,Khủng Long Có Cánh Tiên,1,,,Thú bông > Khủng long,http://localhost/teddy-shop/wp-content/uploads/2026/05/khunglong_cocanh.jpg,"Khủng Long Có Cánh Tiên thiết kế tinh xảo, cao cấp. Kích thước: 40cm, 60cm. Lông xù mềm mại, không rụng lông. Sản phẩm được gia công tỉ mỉ với đường may chắc chắn. Kích thước vừa vặn cho bé ôm.",,Kích thước,"40cm, 60cm",1,1
variation,SP-063-1,Khủng Long Có Cánh Tiên - 40cm,1,280000,238000,,http://localhost/teddy-shop/wp-content/uploads/2026/05/khunglong_cocanh.jpg,,SP-063,Kích thước,40cm,,1
variation,SP-063-2,Khủng Long Có Cánh Tiên - 60cm,1,330000,280000,,http://localhost/teddy-shop/wp-content/uploads/2026/05/khunglong_cocanh.jpg,,SP-063,Kích thước,60cm,,1
variable,SP-064,Khủng Long Mắt Lồi Ngộ Nghĩnh,1,,,Thú bông > Khủng long,http://localhost/teddy-shop/wp-content/uploads/2026/05/khunglong_matloi.jpg,"Khủng Long Mắt Lồi Ngộ Nghĩnh thiết kế tinh xảo, cao cấp. Kích thước: 25cm (nhỏ gọn). Tiện lợi mang theo khi đi chơi, đi du lịch hoặc trang trí bàn học, góc làm việc. Món quà ý nghĩa cho bạn bè.",,Kích thước,25cm,1,1
variation,SP-064-1,Khủng Long Mắt Lồi Ngộ Nghĩnh - 25cm,1,290000,246000,,http://localhost/teddy-shop/wp-content/uploads/2026/05/khunglong_matloi.jpg,,SP-064,Kích thước,25cm,,1
variable,SP-065,Khủng Long Gai Lưng Cam,1,,,Thú bông > Khủng long,http://localhost/teddy-shop/wp-content/uploads/2026/05/khunglong_gai.jpeg,"Khủng Long Gai Lưng Cam thiết kế tinh xảo, cao cấp. Kích thước: 35cm, 55cm. Bề mặt vải êm ái, nhồi bông gòn 100% trắng tinh khiết tạo độ đàn hồi cao, không bị xẹp lún trong quá trình sử dụng.",,Kích thước,"35cm, 55cm",1,1
variation,SP-065-1,Khủng Long Gai Lưng Cam - 35cm,1,660000,561000,,http://localhost/teddy-shop/wp-content/uploads/2026/05/khunglong_gai.jpeg,,SP-065,Kích thước,35cm,,1
variation,SP-065-2,Khủng Long Gai Lưng Cam - 55cm,1,710000,603000,,http://localhost/teddy-shop/wp-content/uploads/2026/05/khunglong_gai.jpeg,,SP-065,Kích thước,55cm,,1
variable,SP-066,Khủng Long Hồng Mộng Mơ,1,,,Thú bông > Khủng long,http://localhost/teddy-shop/wp-content/uploads/2026/05/khunglong_hongmongmo.jpg,"Khủng Long Hồng Mộng Mơ thiết kế tinh xảo, cao cấp. Kích thước: 20cm, 45cm, 80cm. Đa dạng kích cỡ để lựa chọn. Chất liệu thân thiện với môi trường, thiết kế độc đáo và cực kỳ dễ thương.",,Kích thước,"20cm, 45cm, 80cm",1,1
variation,SP-066-1,Khủng Long Hồng Mộng Mơ - 20cm,1,670000,569000,,http://localhost/teddy-shop/wp-content/uploads/2026/05/khunglong_hongmongmo.jpg,,SP-066,Kích thước,20cm,,1
variation,SP-066-2,Khủng Long Hồng Mộng Mơ - 45cm,1,720000,612000,,http://localhost/teddy-shop/wp-content/uploads/2026/05/khunglong_hongmongmo.jpg,,SP-066,Kích thước,45cm,,1
variation,SP-066-3,Khủng Long Hồng Mộng Mơ - 80cm,1,770000,654000,,http://localhost/teddy-shop/wp-content/uploads/2026/05/khunglong_hongmongmo.jpg,,SP-066,Kích thước,80cm,,1
variable,SP-067,Doraemon Cười Vui Vẻ,1,,,Gấu bông hoạt hình > Doraemon,http://localhost/teddy-shop/wp-content/uploads/2026/05/doraemon_cuoi.jpg,"Doraemon Cười Vui Vẻ thiết kế tinh xảo, cao cấp. Kích thước: 40cm, 60cm. Lông xù mềm mại, không rụng lông. Sản phẩm được gia công tỉ mỉ với đường may chắc chắn. Kích thước vừa vặn cho bé ôm.",,Kích thước,"40cm, 60cm",1,1
variation,SP-067-1,Doraemon Cười Vui Vẻ - 40cm,1,460000,391000,,http://localhost/teddy-shop/wp-content/uploads/2026/05/doraemon_cuoi.jpg,,SP-067,Kích thước,40cm,,1
variation,SP-067-2,Doraemon Cười Vui Vẻ - 60cm,1,510000,433000,,http://localhost/teddy-shop/wp-content/uploads/2026/05/doraemon_cuoi.jpg,,SP-067,Kích thước,60cm,,1
variable,SP-068,Doraemon Đeo Nơ,1,,,Gấu bông hoạt hình > Doraemon,http://localhost/teddy-shop/wp-content/uploads/2026/05/doraemon_deono.jpg,"Doraemon Đeo Nơ thiết kế tinh xảo, cao cấp. Kích thước: 25cm (nhỏ gọn). Tiện lợi mang theo khi đi chơi, đi du lịch hoặc trang trí bàn học, góc làm việc. Món quà ý nghĩa cho bạn bè.",,Kích thước,25cm,1,1
variation,SP-068-1,Doraemon Đeo Nơ - 25cm,1,290000,246000,,http://localhost/teddy-shop/wp-content/uploads/2026/05/doraemon_deono.jpg,,SP-068,Kích thước,25cm,,1
variable,SP-069,Doraemon Kèm Chong Chóng Tre,1,,,Gấu bông hoạt hình > Doraemon,http://localhost/teddy-shop/wp-content/uploads/2026/05/doraemon_chongchongche.jpg,"Doraemon Kèm Chong Chóng Tre thiết kế tinh xảo, cao cấp. Kích thước: 25cm (nhỏ gọn). Tiện lợi mang theo khi đi chơi, đi du lịch hoặc trang trí bàn học, góc làm việc. Món quà ý nghĩa cho bạn bè.",,Kích thước,25cm,1,1
variation,SP-069-1,Doraemon Kèm Chong Chóng Tre - 25cm,1,720000,612000,,http://localhost/teddy-shop/wp-content/uploads/2026/05/doraemon_chongchongche.jpg,,SP-069,Kích thước,25cm,,1
variable,SP-070,Doraemon Cosplay Thú,1,,,Gấu bông hoạt hình > Doraemon,http://localhost/teddy-shop/wp-content/uploads/2026/05/doraemon_cosplaythu.jpg,"Doraemon Cosplay Thú thiết kế tinh xảo, cao cấp. Kích thước: 25cm (nhỏ gọn). Tiện lợi mang theo khi đi chơi, đi du lịch hoặc trang trí bàn học, góc làm việc. Món quà ý nghĩa cho bạn bè.",,Kích thước,25cm,1,1
variation,SP-070-1,Doraemon Cosplay Thú - 25cm,1,250000,212000,,http://localhost/teddy-shop/wp-content/uploads/2026/05/doraemon_cosplaythu.jpg,,SP-070,Kích thước,25cm,,1
variable,SP-071,Doraemon Biểu Cảm ,1,,,Gấu bông hoạt hình > Doraemon,http://localhost/teddy-shop/wp-content/uploads/2026/05/doraemon_bieucam.jpg,"Doraemon Biểu Cảm thiết kế tinh xảo, cao cấp. Kích thước: 40cm, 60cm. Lông xù mềm mại, không rụng lông. Sản phẩm được gia công tỉ mỉ với đường may chắc chắn. Kích thước vừa vặn cho bé ôm.",,Kích thước,"40cm, 60cm",1,1
variation,SP-071-1,Doraemon Biểu Cảm  - 40cm,1,310000,263000,,http://localhost/teddy-shop/wp-content/uploads/2026/05/doraemon_bieucam.jpg,,SP-071,Kích thước,40cm,,1
variation,SP-071-2,Doraemon Biểu Cảm  - 60cm,1,360000,306000,,http://localhost/teddy-shop/wp-content/uploads/2026/05/doraemon_bieucam.jpg,,SP-071,Kích thước,60cm,,1
variable,SP-072,Doraemon Cosplay Stitch,1,,,Gấu bông hoạt hình > Doraemon,http://localhost/teddy-shop/wp-content/uploads/2026/05/doraemon_cosplaystitch.webp,"Doraemon Cosplay Stitch thiết kế tinh xảo, cao cấp. Kích thước: 25cm (nhỏ gọn). Tiện lợi mang theo khi đi chơi, đi du lịch hoặc trang trí bàn học, góc làm việc. Món quà ý nghĩa cho bạn bè.",,Kích thước,25cm,1,1
variation,SP-072-1,Doraemon Cosplay Stitch - 25cm,1,280000,238000,,http://localhost/teddy-shop/wp-content/uploads/2026/05/doraemon_cosplaystitch.webp,,SP-072,Kích thước,25cm,,1
variable,SP-073,Doraemon Đeo Kính Nobita,1,,,Gấu bông hoạt hình > Doraemon,http://localhost/teddy-shop/wp-content/uploads/2026/05/doraemon_deokinh.jpg,"Doraemon Đeo Kính Nobita thiết kế tinh xảo, cao cấp. Kích thước: 35cm, 55cm. Bề mặt vải êm ái, nhồi bông gòn 100% trắng tinh khiết tạo độ đàn hồi cao, không bị xẹp lún trong quá trình sử dụng.",,Kích thước,"35cm, 55cm",1,1
variation,SP-073-1,Doraemon Đeo Kính Nobita - 35cm,1,730000,620000,,http://localhost/teddy-shop/wp-content/uploads/2026/05/doraemon_deokinh.jpg,,SP-073,Kích thước,35cm,,1
variation,SP-073-2,Doraemon Đeo Kính Nobita - 55cm,1,780000,663000,,http://localhost/teddy-shop/wp-content/uploads/2026/05/doraemon_deokinh.jpg,,SP-073,Kích thước,55cm,,1
variable,SP-074,Doraemon Ôm Trái Tim,1,,,Gấu bông hoạt hình > Doraemon,http://localhost/teddy-shop/wp-content/uploads/2026/05/doraemon_omtraitim.jpg,"Doraemon Ôm Trái Tim thiết kế tinh xảo, cao cấp. Kích thước: 40cm, 60cm. Lông xù mềm mại, không rụng lông. Sản phẩm được gia công tỉ mỉ với đường may chắc chắn. Kích thước vừa vặn cho bé ôm.",,Kích thước,"40cm, 60cm",1,1
variation,SP-074-1,Doraemon Ôm Trái Tim - 40cm,1,650000,552000,,http://localhost/teddy-shop/wp-content/uploads/2026/05/doraemon_omtraitim.jpg,,SP-074,Kích thước,40cm,,1
variation,SP-074-2,Doraemon Ôm Trái Tim - 60cm,1,700000,595000,,http://localhost/teddy-shop/wp-content/uploads/2026/05/doraemon_omtraitim.jpg,,SP-074,Kích thước,60cm,,1
variable,SP-075,Doraemon Phiên Bản Kỷ Niệm,1,,,Gấu bông hoạt hình > Doraemon,http://localhost/teddy-shop/wp-content/uploads/2026/05/doraemon_kyniem.webp,"Doraemon Phiên Bản Kỷ Niệm thiết kế tinh xảo, cao cấp. Kích thước: 30cm, 50cm. Chất liệu: Vải nhung co giãn 4 chiều mềm mịn, nhồi bông PP 3D tinh khiết an toàn cho da. Phù hợp làm quà tặng hoặc ôm ngủ.",,Kích thước,"30cm, 50cm",1,1
variation,SP-075-1,Doraemon Phiên Bản Kỷ Niệm - 30cm,1,460000,391000,,http://localhost/teddy-shop/wp-content/uploads/2026/05/doraemon_kyniem.webp,,SP-075,Kích thước,30cm,,1
variation,SP-075-2,Doraemon Phiên Bản Kỷ Niệm - 50cm,1,510000,433000,,http://localhost/teddy-shop/wp-content/uploads/2026/05/doraemon_kyniem.webp,,SP-075,Kích thước,50cm,,1
variable,SP-076,Doraemon Mặc Áo,1,,,Gấu bông hoạt hình > Doraemon,http://localhost/teddy-shop/wp-content/uploads/2026/05/doraemon_macao.jpg,"Doraemon Mặc Áo thiết kế tinh xảo, cao cấp. Kích thước: 35cm, 55cm. Bề mặt vải êm ái, nhồi bông gòn 100% trắng tinh khiết tạo độ đàn hồi cao, không bị xẹp lún trong quá trình sử dụng.",,Kích thước,"35cm, 55cm",1,1
variation,SP-076-1,Doraemon Mặc Áo - 35cm,1,350000,297000,,http://localhost/teddy-shop/wp-content/uploads/2026/05/doraemon_macao.jpg,,SP-076,Kích thước,35cm,,1
variation,SP-076-2,Doraemon Mặc Áo - 55cm,1,400000,340000,,http://localhost/teddy-shop/wp-content/uploads/2026/05/doraemon_macao.jpg,,SP-076,Kích thước,55cm,,1
variable,SP-077,Loopy Quàng Khăn Len,1,,,Gấu bông hoạt hình > Hải ly Loopy,http://localhost/teddy-shop/wp-content/uploads/2026/05/loopy_quangkhan.jpg,"Loopy Quàng Khăn Len thiết kế tinh xảo, cao cấp. Kích thước: 40cm, 60cm. Lông xù mềm mại, không rụng lông. Sản phẩm được gia công tỉ mỉ với đường may chắc chắn. Kích thước vừa vặn cho bé ôm.",,Kích thước,"40cm, 60cm",1,1
variation,SP-077-1,Loopy Quàng Khăn Len - 40cm,1,570000,484000,,http://localhost/teddy-shop/wp-content/uploads/2026/05/loopy_quangkhan.jpg,,SP-077,Kích thước,40cm,,1
variation,SP-077-2,Loopy Quàng Khăn Len - 60cm,1,620000,527000,,http://localhost/teddy-shop/wp-content/uploads/2026/05/loopy_quangkhan.jpg,,SP-077,Kích thước,60cm,,1
variable,SP-078,Loopy Cầm Bó Hoa,1,,,Gấu bông hoạt hình > Hải ly Loopy,http://localhost/teddy-shop/wp-content/uploads/2026/05/loopy_camhoa.jpg,"Loopy Cầm Bó Hoa thiết kế tinh xảo, cao cấp. Kích thước: 30cm, 50cm. Chất liệu: Vải nhung co giãn 4 chiều mềm mịn, nhồi bông PP 3D tinh khiết an toàn cho da. Phù hợp làm quà tặng hoặc ôm ngủ.",,Kích thước,"30cm, 50cm",1,1
variation,SP-078-1,Loopy Cầm Bó Hoa - 30cm,1,180000,153000,,http://localhost/teddy-shop/wp-content/uploads/2026/05/loopy_camhoa.jpg,,SP-078,Kích thước,30cm,,1
variation,SP-078-2,Loopy Cầm Bó Hoa - 50cm,1,230000,195000,,http://localhost/teddy-shop/wp-content/uploads/2026/05/loopy_camhoa.jpg,,SP-078,Kích thước,50cm,,1
variable,SP-079,Loopy Đeo Kính,1,,,Gấu bông hoạt hình > Hải ly Loopy,http://localhost/teddy-shop/wp-content/uploads/2026/05/loopy_deokinh.jpg,"Loopy Đeo Kính thiết kế tinh xảo, cao cấp. Kích thước: 30cm, 50cm. Chất liệu: Vải nhung co giãn 4 chiều mềm mịn, nhồi bông PP 3D tinh khiết an toàn cho da. Phù hợp làm quà tặng hoặc ôm ngủ.",,Kích thước,"30cm, 50cm",1,1
variation,SP-079-1,Loopy Đeo Kính - 30cm,1,540000,459000,,http://localhost/teddy-shop/wp-content/uploads/2026/05/loopy_deokinh.jpg,,SP-079,Kích thước,30cm,,1
variation,SP-079-2,Loopy Đeo Kính - 50cm,1,590000,501000,,http://localhost/teddy-shop/wp-content/uploads/2026/05/loopy_deokinh.jpg,,SP-079,Kích thước,50cm,,1
variable,SP-080,Loopy Cosplay Ong Vàng,1,,,Gấu bông hoạt hình > Hải ly Loopy,http://localhost/teddy-shop/wp-content/uploads/2026/05/loopy_cosplayong.webp,"Loopy Cosplay Ong Vàng thiết kế tinh xảo, cao cấp. Kích thước: 20cm, 45cm, 80cm. Đa dạng kích cỡ để lựa chọn. Chất liệu thân thiện với môi trường, thiết kế độc đáo và cực kỳ dễ thương.",,Kích thước,"20cm, 45cm, 80cm",1,1
variation,SP-080-1,Loopy Cosplay Ong Vàng - 20cm,1,680000,578000,,http://localhost/teddy-shop/wp-content/uploads/2026/05/loopy_cosplayong.webp,,SP-080,Kích thước,20cm,,1
variation,SP-080-2,Loopy Cosplay Ong Vàng - 45cm,1,730000,620000,,http://localhost/teddy-shop/wp-content/uploads/2026/05/loopy_cosplayong.webp,,SP-080,Kích thước,45cm,,1
variation,SP-080-3,Loopy Cosplay Ong Vàng - 80cm,1,780000,663000,,http://localhost/teddy-shop/wp-content/uploads/2026/05/loopy_cosplayong.webp,,SP-080,Kích thước,80cm,,1
variable,SP-081,Loopy Biểu Cảm Hài Hước,1,,,Gấu bông hoạt hình > Hải ly Loopy,http://localhost/teddy-shop/wp-content/uploads/2026/05/loopy_bieucam.jpg,"Loopy Biểu Cảm Hài Hước thiết kế tinh xảo, cao cấp. Kích thước: 40cm, 60cm. Lông xù mềm mại, không rụng lông. Sản phẩm được gia công tỉ mỉ với đường may chắc chắn. Kích thước vừa vặn cho bé ôm.",,Kích thước,"40cm, 60cm",1,1
variation,SP-081-1,Loopy Biểu Cảm Hài Hước - 40cm,1,390000,331000,,http://localhost/teddy-shop/wp-content/uploads/2026/05/loopy_bieucam.jpg,,SP-081,Kích thước,40cm,,1
variation,SP-081-2,Loopy Biểu Cảm Hài Hước - 60cm,1,440000,374000,,http://localhost/teddy-shop/wp-content/uploads/2026/05/loopy_bieucam.jpg,,SP-081,Kích thước,60cm,,1
variable,SP-082,Loopy Nằm Ưỡn Mềm Mịn,1,,,Gấu bông hoạt hình > Hải ly Loopy,http://localhost/teddy-shop/wp-content/uploads/2026/05/loopy_nam.jpg,"Loopy Nằm Ưỡn Mềm Mịn thiết kế tinh xảo, cao cấp. Kích thước: 35cm, 55cm. Bề mặt vải êm ái, nhồi bông gòn 100% trắng tinh khiết tạo độ đàn hồi cao, không bị xẹp lún trong quá trình sử dụng.",,Kích thước,"35cm, 55cm",1,1
variation,SP-082-1,Loopy Nằm Ưỡn Mềm Mịn - 35cm,1,540000,459000,,http://localhost/teddy-shop/wp-content/uploads/2026/05/loopy_nam.jpg,,SP-082,Kích thước,35cm,,1
variation,SP-082-2,Loopy Nằm Ưỡn Mềm Mịn - 55cm,1,590000,501000,,http://localhost/teddy-shop/wp-content/uploads/2026/05/loopy_nam.jpg,,SP-082,Kích thước,55cm,,1
variable,SP-083,Loopy Đội Mũ Beret,1,,,Gấu bông hoạt hình > Hải ly Loopy,http://localhost/teddy-shop/wp-content/uploads/2026/05/loopy_doimu.jpg,"Loopy Đội Mũ Beret thiết kế tinh xảo, cao cấp. Kích thước: 30cm, 50cm. Chất liệu: Vải nhung co giãn 4 chiều mềm mịn, nhồi bông PP 3D tinh khiết an toàn cho da. Phù hợp làm quà tặng hoặc ôm ngủ.",,Kích thước,"30cm, 50cm",1,1
variation,SP-083-1,Loopy Đội Mũ Beret - 30cm,1,430000,365000,,http://localhost/teddy-shop/wp-content/uploads/2026/05/loopy_doimu.jpg,,SP-083,Kích thước,30cm,,1
variation,SP-083-2,Loopy Đội Mũ Beret - 50cm,1,480000,408000,,http://localhost/teddy-shop/wp-content/uploads/2026/05/loopy_doimu.jpg,,SP-083,Kích thước,50cm,,1
variable,SP-084,Loopy Ôm Trái Dâu,1,,,Gấu bông hoạt hình > Hải ly Loopy,http://localhost/teddy-shop/wp-content/uploads/2026/05/loopy_omdau.jpg,"Loopy Ôm Trái Dâu thiết kế tinh xảo, cao cấp. Kích thước: 20cm, 45cm, 80cm. Đa dạng kích cỡ để lựa chọn. Chất liệu thân thiện với môi trường, thiết kế độc đáo và cực kỳ dễ thương.",,Kích thước,"20cm, 45cm, 80cm",1,1
variation,SP-084-1,Loopy Ôm Trái Dâu - 20cm,1,450000,382000,,http://localhost/teddy-shop/wp-content/uploads/2026/05/loopy_omdau.jpg,,SP-084,Kích thước,20cm,,1
variation,SP-084-2,Loopy Ôm Trái Dâu - 45cm,1,500000,425000,,http://localhost/teddy-shop/wp-content/uploads/2026/05/loopy_omdau.jpg,,SP-084,Kích thước,45cm,,1
variation,SP-084-3,Loopy Ôm Trái Dâu - 80cm,1,550000,467000,,http://localhost/teddy-shop/wp-content/uploads/2026/05/loopy_omdau.jpg,,SP-084,Kích thước,80cm,,1
variable,SP-085,Loopy Đội Mũ Heo,1,,,Gấu bông hoạt hình > Hải ly Loopy,http://localhost/teddy-shop/wp-content/uploads/2026/05/loopy_doimuheo.jpg,"Loopy Đội Mũ Heo thiết kế tinh xảo, cao cấp. Kích thước: 30cm, 50cm. Chất liệu: Vải nhung co giãn 4 chiều mềm mịn, nhồi bông PP 3D tinh khiết an toàn cho da. Phù hợp làm quà tặng hoặc ôm ngủ.",,Kích thước,"30cm, 50cm",1,1
variation,SP-085-1,Loopy Đội Mũ Heo - 30cm,1,580000,493000,,http://localhost/teddy-shop/wp-content/uploads/2026/05/loopy_doimuheo.jpg,,SP-085,Kích thước,30cm,,1
variation,SP-085-2,Loopy Đội Mũ Heo - 50cm,1,630000,535000,,http://localhost/teddy-shop/wp-content/uploads/2026/05/loopy_doimuheo.jpg,,SP-085,Kích thước,50cm,,1
variable,SP-086,Loopy Mặc Áo Cá Mập,1,,,Gấu bông hoạt hình > Hải ly Loopy,http://localhost/teddy-shop/wp-content/uploads/2026/05/loopy_macaocamap.jpg,"Loopy Mặc Áo Cá Mập thiết kế tinh xảo, cao cấp. Kích thước: 30cm, 50cm. Chất liệu: Vải nhung co giãn 4 chiều mềm mịn, nhồi bông PP 3D tinh khiết an toàn cho da. Phù hợp làm quà tặng hoặc ôm ngủ.",,Kích thước,"30cm, 50cm",1,1
variation,SP-086-1,Loopy Mặc Áo Cá Mập - 30cm,1,490000,416000,,http://localhost/teddy-shop/wp-content/uploads/2026/05/loopy_macaocamap.jpg,,SP-086,Kích thước,30cm,,1
variation,SP-086-2,Loopy Mặc Áo Cá Mập - 50cm,1,540000,459000,,http://localhost/teddy-shop/wp-content/uploads/2026/05/loopy_macaocamap.jpg,,SP-086,Kích thước,50cm,,1
variable,SP-087,Stitch Xanh Ôm Vịt,1,,,Gấu bông hoạt hình > Stitch,http://localhost/teddy-shop/wp-content/uploads/2026/05/gaustitch_xanh.jpg,"Stitch Xanh Ôm Vịt thiết kế tinh xảo, cao cấp. Kích thước: 20cm, 45cm, 80cm. Đa dạng kích cỡ để lựa chọn. Chất liệu thân thiện với môi trường, thiết kế độc đáo và cực kỳ dễ thương.",,Kích thước,"20cm, 45cm, 80cm",1,1
variation,SP-087-1,Stitch Xanh Ôm Vịt - 20cm,1,570000,484000,,http://localhost/teddy-shop/wp-content/uploads/2026/05/gaustitch_xanh.jpg,,SP-087,Kích thước,20cm,,1
variation,SP-087-2,Stitch Xanh Ôm Vịt - 45cm,1,620000,527000,,http://localhost/teddy-shop/wp-content/uploads/2026/05/gaustitch_xanh.jpg,,SP-087,Kích thước,45cm,,1
variation,SP-087-3,Stitch Xanh Ôm Vịt - 80cm,1,670000,569000,,http://localhost/teddy-shop/wp-content/uploads/2026/05/gaustitch_xanh.jpg,,SP-087,Kích thước,80cm,,1
variable,SP-088,Stitch Ôm Búp Bê Scrump,1,,,Gấu bông hoạt hình > Stitch,http://localhost/teddy-shop/wp-content/uploads/2026/05/gaustitch_omscrump.jpg,"Stitch Ôm Búp Bê Scrump thiết kế tinh xảo, cao cấp. Kích thước: 20cm, 45cm, 80cm. Đa dạng kích cỡ để lựa chọn. Chất liệu thân thiện với môi trường, thiết kế độc đáo và cực kỳ dễ thương.",,Kích thước,"20cm, 45cm, 80cm",1,1
variation,SP-088-1,Stitch Ôm Búp Bê Scrump - 20cm,1,460000,391000,,http://localhost/teddy-shop/wp-content/uploads/2026/05/gaustitch_omscrump.jpg,,SP-088,Kích thước,20cm,,1
variation,SP-088-2,Stitch Ôm Búp Bê Scrump - 45cm,1,510000,433000,,http://localhost/teddy-shop/wp-content/uploads/2026/05/gaustitch_omscrump.jpg,,SP-088,Kích thước,45cm,,1
variation,SP-088-3,Stitch Ôm Búp Bê Scrump - 80cm,1,560000,476000,,http://localhost/teddy-shop/wp-content/uploads/2026/05/gaustitch_omscrump.jpg,,SP-088,Kích thước,80cm,,1
variable,SP-089,Stitch Nằm Sấp Thư Giãn,1,,,Gấu bông hoạt hình > Stitch,http://localhost/teddy-shop/wp-content/uploads/2026/05/gaustitch_nam.jpg,"Stitch Nằm Sấp Thư Giãn thiết kế tinh xảo, cao cấp. Kích thước: 35cm, 55cm. Bề mặt vải êm ái, nhồi bông gòn 100% trắng tinh khiết tạo độ đàn hồi cao, không bị xẹp lún trong quá trình sử dụng.",,Kích thước,"35cm, 55cm",1,1
variation,SP-089-1,Stitch Nằm Sấp Thư Giãn - 35cm,1,340000,289000,,http://localhost/teddy-shop/wp-content/uploads/2026/05/gaustitch_nam.jpg,,SP-089,Kích thước,35cm,,1
variation,SP-089-2,Stitch Nằm Sấp Thư Giãn - 55cm,1,390000,331000,,http://localhost/teddy-shop/wp-content/uploads/2026/05/gaustitch_nam.jpg,,SP-089,Kích thước,55cm,,1
variable,SP-090,Stitch Ôm Hoa,1,,,Gấu bông hoạt hình > Stitch,http://localhost/teddy-shop/wp-content/uploads/2026/05/gaustitch_omhoa.jpg,"Stitch Ôm Hoa thiết kế tinh xảo, cao cấp. Kích thước: 20cm, 45cm, 80cm. Đa dạng kích cỡ để lựa chọn. Chất liệu thân thiện với môi trường, thiết kế độc đáo và cực kỳ dễ thương.",,Kích thước,"20cm, 45cm, 80cm",1,1
variation,SP-090-1,Stitch Ôm Hoa - 20cm,1,560000,476000,,http://localhost/teddy-shop/wp-content/uploads/2026/05/gaustitch_omhoa.jpg,,SP-090,Kích thước,20cm,,1
variation,SP-090-2,Stitch Ôm Hoa - 45cm,1,610000,518000,,http://localhost/teddy-shop/wp-content/uploads/2026/05/gaustitch_omhoa.jpg,,SP-090,Kích thước,45cm,,1
variation,SP-090-3,Stitch Ôm Hoa - 80cm,1,660000,561000,,http://localhost/teddy-shop/wp-content/uploads/2026/05/gaustitch_omhoa.jpg,,SP-090,Kích thước,80cm,,1
variable,SP-091,Stitch Ngủ Gật Mềm Mại,1,,,Gấu bông hoạt hình > Stitch,http://localhost/teddy-shop/wp-content/uploads/2026/05/gaustitch_ngugat.jpg,"Stitch Ngủ Gật Mềm Mại thiết kế tinh xảo, cao cấp. Kích thước: 25cm (nhỏ gọn). Tiện lợi mang theo khi đi chơi, đi du lịch hoặc trang trí bàn học, góc làm việc. Món quà ý nghĩa cho bạn bè.",,Kích thước,25cm,1,1
variation,SP-091-1,Stitch Ngủ Gật Mềm Mại - 25cm,1,640000,544000,,http://localhost/teddy-shop/wp-content/uploads/2026/05/gaustitch_ngugat.jpg,,SP-091,Kích thước,25cm,,1
variable,SP-092,Stitch Mặc Áo,1,,,Gấu bông hoạt hình > Stitch,http://localhost/teddy-shop/wp-content/uploads/2026/05/gaustitch_macao.jpg,"Stitch Mặc Áo thiết kế tinh xảo, cao cấp. Kích thước: 35cm, 55cm. Bề mặt vải êm ái, nhồi bông gòn 100% trắng tinh khiết tạo độ đàn hồi cao, không bị xẹp lún trong quá trình sử dụng.",,Kích thước,"35cm, 55cm",1,1
variation,SP-092-1,Stitch Mặc Áo - 35cm,1,660000,561000,,http://localhost/teddy-shop/wp-content/uploads/2026/05/gaustitch_macao.jpg,,SP-092,Kích thước,35cm,,1
variation,SP-092-2,Stitch Mặc Áo - 55cm,1,710000,603000,,http://localhost/teddy-shop/wp-content/uploads/2026/05/gaustitch_macao.jpg,,SP-092,Kích thước,55cm,,1
variable,SP-093,Stitch Ôm Tim,1,,,Gấu bông hoạt hình > Stitch,http://localhost/teddy-shop/wp-content/uploads/2026/05/gaustitch_omtim.jpg,"Stitch Ôm Tim thiết kế tinh xảo, cao cấp. Kích thước: 30cm, 50cm. Chất liệu: Vải nhung co giãn 4 chiều mềm mịn, nhồi bông PP 3D tinh khiết an toàn cho da. Phù hợp làm quà tặng hoặc ôm ngủ.",,Kích thước,"30cm, 50cm",1,1
variation,SP-093-1,Stitch Ôm Tim - 30cm,1,690000,586000,,http://localhost/teddy-shop/wp-content/uploads/2026/05/gaustitch_omtim.jpg,,SP-093,Kích thước,30cm,,1
variation,SP-093-2,Stitch Ôm Tim - 50cm,1,740000,629000,,http://localhost/teddy-shop/wp-content/uploads/2026/05/gaustitch_omtim.jpg,,SP-093,Kích thước,50cm,,1
variable,SP-094,Stitch Phiên Bản Khổng Lồ,1,,,Gấu bông hoạt hình > Stitch,http://localhost/teddy-shop/wp-content/uploads/2026/05/gaustitch_khonglo.jpg,"Stitch Phiên Bản Khổng Lồ thiết kế tinh xảo, cao cấp. Kích thước: 35cm, 55cm. Bề mặt vải êm ái, nhồi bông gòn 100% trắng tinh khiết tạo độ đàn hồi cao, không bị xẹp lún trong quá trình sử dụng.",,Kích thước,"35cm, 55cm",1,1
variation,SP-094-1,Stitch Phiên Bản Khổng Lồ - 35cm,1,760000,646000,,http://localhost/teddy-shop/wp-content/uploads/2026/05/gaustitch_khonglo.jpg,,SP-094,Kích thước,35cm,,1
variation,SP-094-2,Stitch Phiên Bản Khổng Lồ - 55cm,1,810000,688000,,http://localhost/teddy-shop/wp-content/uploads/2026/05/gaustitch_khonglo.jpg,,SP-094,Kích thước,55cm,,1
variable,SP-095,Stitch Baby Lông Xù,1,,,Gấu bông hoạt hình > Stitch,http://localhost/teddy-shop/wp-content/uploads/2026/05/gaustitch_longxu.jpg,"Stitch Baby Lông Xù thiết kế tinh xảo, cao cấp. Kích thước: 40cm, 60cm. Lông xù mềm mại, không rụng lông. Sản phẩm được gia công tỉ mỉ với đường may chắc chắn. Kích thước vừa vặn cho bé ôm.",,Kích thước,"40cm, 60cm",1,1
variation,SP-095-1,Stitch Baby Lông Xù - 40cm,1,230000,195000,,http://localhost/teddy-shop/wp-content/uploads/2026/05/gaustitch_longxu.jpg,,SP-095,Kích thước,40cm,,1
variation,SP-095-2,Stitch Baby Lông Xù - 60cm,1,280000,238000,,http://localhost/teddy-shop/wp-content/uploads/2026/05/gaustitch_longxu.jpg,,SP-095,Kích thước,60cm,,1
variable,SP-096,Stitch Hồng Angel Đáng Yêu,1,,,Gấu bông hoạt hình > Stitch,http://localhost/teddy-shop/wp-content/uploads/2026/05/gaustitch_hongdangyeu.jpeg,"Stitch Hồng Angel Đáng Yêu thiết kế tinh xảo, cao cấp. Kích thước: 25cm (nhỏ gọn). Tiện lợi mang theo khi đi chơi, đi du lịch hoặc trang trí bàn học, góc làm việc. Món quà ý nghĩa cho bạn bè.",,Kích thước,25cm,1,1
variation,SP-096-1,Stitch Hồng Angel Đáng Yêu - 25cm,1,400000,340000,,http://localhost/teddy-shop/wp-content/uploads/2026/05/gaustitch_hongdangyeu.jpeg,,SP-096,Kích thước,25cm,,1
variable,SP-097,Hello Kitty Mặc Váy Hồng,1,,,Gấu bông hoạt hình > Hello Kitty,http://l,"Hello Kitty Mặc Váy Hồng thiết kế tinh xảo, cao cấp. Kích thước: 20cm, 45cm, 80cm. Đa dạng kích cỡ để lựa chọn. Chất liệu thân thiện với môi trường, thiết kế độc đáo và cực kỳ dễ thương.",,Kích thước,"20cm, 45cm, 80cm",1,1
variation,SP-097-1,Hello Kitty Mặc Váy Hồng - 20cm,1,490000,416000,,http://l,,SP-097,Kích thước,20cm,,1
variation,SP-097-2,Hello Kitty Mặc Váy Hồng - 45cm,1,540000,459000,,http://l,,SP-097,Kích thước,45cm,,1
variation,SP-097-3,Hello Kitty Mặc Váy Hồng - 80cm,1,590000,501000,,http://l,,SP-097,Kích thước,80cm,,1
